name,keyword,max_price,min_price
Amazon.co.jp: エレコム 無線LAN WiFi ルーター Wi-Fi6E AX5400 2402+2402＋574Mbps IPv6(IPoE)対応 ブラック / 戸建3階 マンション4LDK WRC-XE5400GS-G,WRC-XE5400GS-G,200000,0
Fitbit Inspire2 フィットネストラッカー,Fitbit Inspire2,200000,0
スター精密 MCP31LB BK JP,MCP31LB BK,200000,0
Amazon.co.jp: BOSS/GT-1 ボス ギター マルチエフェクター,BOSS/GT-1 ,200000,0
スタンドアロンマイク HMIS1X-XX-BK/G ( 4P5P8AA ),HMIS1X-XX-BK,200000,0
ことばずかんPremium,ことばずかんPremium,200000,0
VPNルーター RTX830,RTX830,200000,0
象印マホービン CP-CA12-BA,CP-CA12-BA,200000,0
タイガー電気ポットPIM-G300K,PIM-G300K,200000,0
Bose QuietComfort Ultra Headphones,Bose QuietComfort Ultra Headphones,200000,0
SONY 4K ビデオカメラ Handycam FDR-AX45A,FDR-AX45A,200000,0
Amazon.co.jp: パナソニック 口腔洗浄器 ジェットウォッシャー ドルツ 超音波水流 防水 コードレス 白 EW-DJ55-W,EW-DJ55-W,200000,0
パナソニック(Panasonic) VHSビデオデッキ NV-HV7G,NV-HV7G,200000,0
パナソニック ブルーレイプレーヤー DMP-BD90,DMP-BD90,200000,0
パナソニック くるくるドライヤー EH-KN0J-A,EH-KN0J-A,200000,0
パナソニック 脱毛器  ES-WH7A-W,ES-WH7A-W,200000,0
パナソニック コードレス 電話機 VE-GE19DL-W,VE-GE19DL,200000,0
パナソニック 美顔器  EH-SR85-K,EH-SR85-K,200000,0
パナソニック 分岐水栓 食器洗浄機用 CB-SXH7,CB-SXH7,200000,0
パナソニック 電気ポット  NC-HU224-W,NC-HU224,200000,0
テクニクス Technics ワイヤレスイヤホン EAH-AZ100-K,EAH-AZ100-K,200000,0
クール セラミックファンヒーター 夏冬兼用 温風5段階 / 涼風9段階 ナノイーX搭載 リモコン付 ホワイト DS-FWX1200-W,DS-FWX1200-W,200000,0
パナソニック 蛇口直結型浄水器 PFOS/PFOA除去対応 液晶表示タイプ TK-CJ24-W ホワイト,TK-CJ24-W,200000,0
パナソニック(Panasonic) ETC1.0車載器 CY-ET926D アンテナ分離型 新セキュリティ対応 音声案内タイプ,CY-ET926D,200000,0
パナソニック 15V型 ハイビジョン ポータブル 液晶テレビ インターネット動画対応 プライベート・ビエラ 防水タイプ ブラック UN-15L11-K,UN-15L11-K,200000,0
パナソニック 増設子機 ホワイト KX-FKD405-W,KX-FKD405-W,200000,0
パナソニック ドライヤー イオニティ 速乾 大風量 パワフルドライ 低温モード ダブルミネラルイオン コーラルピンク EH-NE7L-P,EH-NE7L-P,200000,0
パナソニック 衣類乾燥除湿機 デシカント方式 省スペース設計 ニオイの原因菌を除菌 ナノイーX4.8兆 F-YZXJ60B-W,F-YZXJ60B-W,200000,0
パナソニック ヘアドライヤー ナノケア 高浸透ナノイー&ミネラル搭載 コンパクト バイオマスペイント エコパッケージ ミストグレー EH-NA0J-H,EH-NA0J-H,200000,0
パナソニック くるくるドライヤー ナノケア ナノイー イオンチャージ ホワイト EH-KN7J-W,EH-KN7J-W,200000,0
Amazon | パナソニック コーヒーメーカー 全自動 ミル付き 沸騰浄水機能 デカフェ豆コース搭載 670ml ブラック NC-A57-K,NC-A57-K,200000,0
Amazon.co.jp: パナソニック 口腔洗浄器 ジェットウォッシャー ドルツ ナノクレンジング水流 防水 コードレス 白 EW-NJ80-W,EW-NJ80-W,200000,0
Amazon.co.jp: Panasonic パナソニック IHクッキングヒーター キッチン コンロ 1口IH ビルトインタイプ KZ-11BP,KZ-11BP,200000,0
Amazon | パナソニック 19V型 ハイビジョン ポータブル 液晶テレビ プライベート・ビエラ ブラック UN-19F10-K,UN-19F10-K,200000,0
Amazon.co.jp: テクニクス ワイヤレスイヤホン EAH-AZ60M2-K ブラック bluetooth ノイズキャンセリング 3台マルチポイント IPX4 LDAC対応 ハイレゾ音質再生 急速充電対応 アプリ対応,EAH-AZ60M2-K,200000,0
Amazon.co.jp: パナソニック 1TB 2チューナー ブルーレイレコーダー おうちクラウドDIGA どこでもディーガ対応 DMR-2W101,DMR-2W101,200000,0
Amazon.co.jp: パナソニック 2TB 2チューナー ブルーレイレコーダー どこでもディーガ対応 おうちクラウドDIGA DMR-2W201,DMR-2W201,200000,0
Amazon.co.jp: 【正規品】パナソニック デジタル コードレス FAX KX-PD750DL-N子機1台付き 迷惑電話相談機能搭載 「温度・湿度アラーム」搭載 見てから印刷機能 シャンパンゴールド【優良 防犯 電話機 推奨品】,KX-PD750DL-N,200000,0
Amazon | パナソニック(Panasonic) 充電スティックドリルドライバー 3.6V 1.5Ah 電池パック×2個/充電器/ケース付 高精度小型ドライバーM2.5~5 1.5Ah EZ7410LA2SH1 グレー,EZ7410LA2SH1,200000,0
Amazon.co.jp: 【正規品】パナソニック デジタルコードレス電話機 VE-GD58DL-N 迷惑防止搭載 子機1台付き ピンクゴールド 優良 防犯 電話機 推奨品,VE-GD58DL-N,200000,0
Amazon.co.jp: パナソニック ワイヤレステレビドアホン(モニター親機+ワイヤレス玄関子機) VL-SGZ30,VL-SGZ30,200000,0
Panasonic CY-RC100KD Rear Camera,CY-RC100KD,200000,0
Amazon.co.jp: パナソニック スマ@ホーム 自動追尾機能 転倒防止構造 搭載 屋内HDペットカメラ KX-HDN215-K ブラック,KX-HDN215-K,200000,0
Amazon.co.jp: パナソニック リフトケア 美顔器 バイタリフト かっさ 温感 防水 複合的EMS搭載 EH-SP86-K,EH-SP86-K,200000,0
パナソニック 32V型 液晶 テレビ VIERA TH-32J300,TH-32J300,200000,0
パナソニック ロボット掃除機  MC-RSC10-W,MC-RSC10-W,200000,0
パナソニック 電子レンジ 22L NE-FL222-K,NE-FL222-K,200000,0
パナソニック ワイヤレスモニター子機 VL-WD623,VL-WD623,200000,0
パナソニック 食器洗い乾燥機 SOLOTA NP-TML1-W,NP-TML1,200000,0
パナソニック トースター  NT-D700-W,NT-D700,200000,0
パナソニック 24V型 液晶 テレビ VIERA TH-24J300,TH-24J300,200000,0
アイリスオーヤマ 加湿器 大容量 ハイブリッド式 超音波式 スチーム式(加熱式) 加湿量 550ml タンク容量 3.8L 畳 15時間連続加湿 上から給水 ハイブリット式 小型 卓上 デスク用 AHM-HU55A-W,AHM-HU55A,200000,0
TOSHIBA(東芝) 炊飯器 5.5合 RC-10MSL(W),RC-10MSL,200000,0
TOSHIBA(東芝) ポータブルCDプレーヤー TY-P10(W),TY-P10,200000,0
東芝 AUX ステレオ CDラジオ TY-C24 (W),TY-C24,200000,0
TOSHIBA CD ラジオ,TY-ANX1,200000,0
東芝 ポータブルCDプレーヤー ホワイト TY-P50,TY-P50,200000,0
Amazon.co.jp: 東芝 CDラジオ TY-C15 (S) AUX シルバー,TY-C15,200000,0
日立 掃除機コードレス スティッククリーナー PV-BL3J,PV-BL3J,200000,0
日立 衣類スチーマー スチームアイロン CSI-RX70 C,CSI-RX70,200000,0
日立 掃除機 業務用  CV-95H2,CV-95H2,200000,0
Amazon | 日立 単機能 電子レンジ 19L HMR-FT19A W ホワイト フラット庫内 ワンタッチ自動あたため ヘルツフリー 新生活 一人暮らし 二人暮らし,HMR-FT19A,200000,0
アイリスオーヤマ ワインセラー 8本収納 25L 8~18℃ ペルチェ式 庫内LED 小型 PWC-251P-B,PWC-251P-B,200000,0
アイリスオーヤマ 静音シュレッダー 家庭用 細断枚数6枚 クロスカット 連続使用10分 CD/DVD/BD細断可能 ダストボックス7.5L A4/60枚収容 P6HCS-W ホワイト,P6HCS-W,200000,0
アイリスオーヤマ IC-FAC2 布団クリーナー,IC-FAC2,200000,0
アイリスオーヤマ オートフィードシュレッダー 業務用 自動送り機能 自動細断100枚 クロスカット 静音 ホチキス対応 カード細断可能 連続使用10分 ダストボックス22L AFS100C ホワイト,AFS100C,200000,0
アイリスオーヤマ サーキュレーター扇風機 上下左右首振り 24畳 パワフル送風 DCモーター リモコン付き ホワイト STF-DC15T,STF-DC15T,200000,0
アイリスオーヤマ SCD-184P-B コードレススティッククリーナー サイクロン,SCD-184P-B,200000,0
アイリスオーヤマ 静音シュレッダー 家庭用 業務用 細断枚数10枚 クロスカット 連続使用10分 CD/DVD/カード対応 ダストボックス17L A4/180枚収容 P10HCS ブルー,P10HCS,200000,0
アイリスオーヤマ 電気圧力鍋 PMPC-MA2-B 2.2L,PMPC-MA2,200000,0
アイリスオーヤマ 全自動コーヒーメーカー BLIAC-A600-B ミル付き,BLIAC-A600-B,200000,0
アイリスオーヤマ 静音シュレッダー 家庭用 細断枚数6枚 クロスカット 連続使用10分 CD/DVD/BD細断可能 ダストボックス7.5L A4/60枚収容 P6HCS-B ブラック,P6HCS-B,200000,0
アイリスオーヤマ(IRIS OHYAMA) 食洗機 食器洗い乾燥機 工事不要 タンク式 コンパクト 上下ノズル洗浄 メーカー保証 ホワイト PZSH-5T-W,PZSH-5T-W,200000,0
アイリスオーヤマ 電気圧力鍋 4L ブラック PMPC-MA4-B,PMPC-MA4,200000,0
アイリスオーヤマ 布団クリーナー ハイパワーモデル FCA-22H-C,FCA-22H-C,200000,0
アイリスオーヤマ コードレス 充電式サイクロンスティッククリーナー モップスタンド付き SCD-120P-W ホワイト,SCD-120P-W,200000,0
アイリスオーヤマ 空気清浄機 加湿機能付き 10畳 加湿空気清浄機 加湿器 スチーム式(加熱式) 加湿量 300ml 消臭 除菌 脱臭 ホコリ 花粉 集じん PM2.5 ペット 静音 省エネ 軽量 タバコ アレルギー対策 コンパクト HXF-C25-W ホワイト,HXF-C25-W,200000,0
アイリスオーヤマ(IRIS OHYAMA) 電源のない場所でも使える コードレスリンサー 交換バッテリー式 車内も楽々洗浄 運転音低減 静か 小さな子供 ペット 洗いやすい回収タンク お湯使用可能 水だけ洗浄 軽量 コンパクト 法人利用にもおすすめ RNS-B400D,RNS-B400D,200000,0
アイリスオーヤマ 光脱器 エピレタ 光美容器 40万発照射 全身 5段階調整 レディース メンズ 男女兼用 肌に優しい 全身ムダ毛処理 EP-0440-W,EP-0440-W,200000,0
アイリスオーヤマ RC-IL50-W 炊飯器 5.5合 IH式,RC-IL50-W,200000,0
アイリスオーヤマ RC-IL50-B 炊飯器 5.5合 IH式,RC-IL50-B,200000,0
アイリスオーヤマ 電気圧力鍋 圧力鍋 3L 3~4人用 低温調理可能 予約機能付き ケーキも作れる メーカー保証付き 12種類自動メニュー搭載 ホワイト PC-EMA3-W,PC-EMA3-W,200000,0
Amazon.co.jp: 低温調理器 ‎LTC-01,LTC-01,200000,0
アイリスオーヤマ ふとん乾燥機,FK-WH1,200000,0
【Amazon.co.jp限定】アイリスオーヤマ リンサークリーナー 自動ポンプ式モデル RNS-P10-W ホワイト&洗浄液セット,RNS-P10,200000,0
Amazon | アイリスオーヤマ 精米機 家庭用 銘柄純白づき 40銘柄対応 コンパクト 簡単操作 RCI-B5-W,RCI-B5-W,200000,0
Amazon.co.jp: アイリスオーヤマ 32V型 液晶 テレビ 32WB10PB 2022年モデル Wチューナー 裏番組同時録画 外付けHDD録画対応,32WB10PB,200000,0
Amazon | 【ハイパワーモデル】アイリスオーヤマ ふとん乾燥機 ターボモード搭載 ダニ退治 ツインノズル 80cmロングホース 5分速暖 FK-WH1,FK-WH1,200000,0
電気圧力鍋 PC-MA4-W,PC-MA4-W,200000,0
Amazon.co.jp: アイリスオーヤマ 電源コード式 タンク式高圧洗浄機 水道のない場所も使用可能 洗剤もタンクに入れて使用可能 サイレントモデル 温水対応 最大圧力8.5Mpa SBT-512N,SBT-512N,200000,0
Amazon.co.jp: アイリスオーヤマ クッキングヒーター IHコンロ 1400W 卓上 小型 6段階火力調整 揚げ物 デザイン 簡単お手入れ 1口 IHクッキングヒーター 一人暮らし 二人暮らし 買い足し 家庭用 IHK-T37-B ブラック,IHK-T37,200000,0
Amazon.co.jp: アイリスオーヤマ 24V型 液晶 テレビ 24WB10PB 2022年モデル Wチューナー 裏番組同時録画 外付けHDD録画対応,24WB10PB,200000,0
Amazon.co.jp: アイリスオーヤマ 空気清浄機 16畳 小型 消臭 除菌 脱臭 ホコリ 花粉 集じん PM2.5 ペット 静音 省エネ 軽量 タバコ アレルギー対策 コンパクト おやすみモード インテリア ナイトライト付 IAP-A35-W ホワイト,IAP-A35-W,200000,0
Amazon | アイリスオーヤマ 除湿機 衣類乾燥 デシカント式 13畳 サーキュレーター付き 除湿器 除湿量 5L タイマー付き スピード乾燥 静音設計 大容量 強力 部屋干し カビ防止 首ふり 左右 梅雨対策 コンパクト リビング IJD-I50 ホワイト,IJD-I50,200000,0
Amazon | アイリスオーヤマ 食洗機 食器洗い乾燥機 工事不要 コンパクト 上下ノズル洗浄 メーカー保証 ホワイト ISHT-5000-W,ISHT-5000-W,200000,0
Amazon | アイリスオーヤマ(IRIS OHYAMA) 除湿機 サーキュレーター 衣類乾燥 強力 除湿器 スピード乾燥 除湿量 8L 湿度センサー 静音設計 デシカント方式 IJDC-K80 ホワイト,IJDC-K80,200000,0
Amazon.co.jp: アイリスオーヤマ 空気清浄機 14畳 消臭 除菌 脱臭 ホコリ 花粉 集じん PM2.5 ペット 静音 省エネ 軽量 タバコ アレルギー対策 コンパクト おやすみモード チャイルドロック付 切りタイマー付 節電 PMAC-100,PMAC-100,200000,0
Amazon | アイリスオーヤマ 炊飯器 10合 圧力IH式 40銘柄炊き分け機能 極厚火釜 大火力 玄米 RC-PD10-B ブラック,RC-PD10-B,200000,0
Amazon | エレコム 無線LANルーター Wi-Fi6対応 4804+574Mbps 11ax DXアンテナ監修内蔵アンテナ搭載 ワイドバンド5GHz 160MHz対応 ブラック WRC-X5400GS-B,WRC-X5400GS-B,200000,0
Amazon.co.jp: エレコム キーボード ケース付 Touch Book for iPad Air M2/M3 11インチ iPad Air 第5/4世代 対応専用 日本語配列 着脱可能 3段階角度調整 ブラック TK-CA11BPBK,TK-CA11BPBK,200000,0
Amazon.co.jp: エレコム キーボード ケース付 Touch Book for iPad 第10世代 10.9インチ iPad A16 専用 日本語配列 着脱可能 3段階角度調整 ブラック TK-CA12BPBK,TK-CA12BPBK,200000,0
Amazon | エレコム 外付けハードディスク 4TB USB3.2(Gen1) テレビ録画/パソコン対応 静音ファンレス設計 ELD-FTV040UBK,ELD-FTV040UBK,200000,0
BRUNO ブルーノ オーブン トースター 4枚焼き スチーム ＆ ベイク コンベクション機能 温度調節 1350W ピザ対応 グレージュ BOE067-GRG,BOE067-GRG,200000,0
Seagate Barracuda 2.5インチ1TB 内蔵 ハードディスク HDD ノートブック PC 2年保証 6Gb/s 128MB 5400rpm 正規代理店品 ST1000LM048,ST1000LM048,200000,0
Seagate IronWolf 3.5 データ復旧3年付 4TB 内蔵HDD(CMR) 3年保証 6Gb/s 64MB 5900rpm 24時間稼動 PC NAS向け ST4000VN008,ST4000VN008,200000,0
Seagate BarraCuda 3.5 2TB 内蔵ハードディスク HDD 2年保証 6Gb/s 64MB 7200rpm 正規代理店品 ST2000DM006,ST2000DM006,200000,0
Amazon | Seagate 3.5インチ 内蔵 HDD ハードディスク3TB 2年保証 5400rpm BarraCuda 国内正規代理店品 ST3000DM007/FFP,ST3000DM007,200000,0
Amazon | Seagate 3.5インチ 内蔵 HDD ハードディスク2TB 2年保証 5400rpm BarraCuda 国内正規代理店品 ST2000DM005,ST2000DM005,200000,0
Amazon | Seagate 3.5インチ 内蔵 HDD ハードディスク2TB 2年保証 7200rpm BarraCuda 国内正規代理店品 ST2000DM008,ST2000DM008,200000,0
【Amazon.co.jp限定】Seagate 3.5インチ 内蔵 HDD ハードディスク8TB 2年保証 5400rpm BarraCuda 国内正規代理店品 ST8000DM004,ST8000DM004,200000,0
【Amazon.co.jp限定】Seagate 3.5インチ 内蔵 HDD ハードディスク4TB 2年保証 5400rpm BarraCuda 国内正規代理店品 ST4000DM004,ST4000DM004,200000,0
【Amazon.co.jp限定】Seagate 3.5インチ 内蔵 HDD ハードディスク6TB 2年保証 5400rpm BarraCuda 国内正規代理店品 ST6000DM003/EC,ST6000DM003,200000,0
【Amazon.co.jp限定】Seagate 3.5インチ 内蔵 HDD ハードディスク2TB 2年保証 7200rpm BarraCuda 国内正規代理店品 エコパッケージ ST2000DM008/EC,ST2000DM008,200000,0
【Amazon.co.jp限定】WD HDD 内蔵ハードディスク 3.5インチ 2TB WD Blue WD20EZRZ/AFP SATA3.0 5400rpm 2年6ヶ月保証 (FFP) | ウエスタンデジタル(Western Digital),WD20EZRZ,200000,0
【Amazon.co.jp 限定】Western Digital HDD 3TB WD Blue PC 3.5インチ 内蔵HDD WD30EZRZ/AFP 【国内正規代理店品】,WD30EZRZ,200000,0
Amazon | WD HDD 内蔵ハードディスク 3.5インチ 6TB WD Red NAS用 WD60EFRX 5400rpm 3年保証 | ウエスタンデジタル(Western Digital),WD60EFRX,200000,0
【Amazon.co.jp限定】Western Digital ウエスタンデジタル WD Blue 内蔵 HDD ハードディスク 2TB CMR 3.5インチ SATA 5400rpm キャッシュ 64MB メーカー保証2年 WD20EARZ-AJP エコパッケージ 【国内正規取扱代理店】,WD20EARZ,200000,0
Western Digital HDD 1TB WD AV-GP TV録画 オーディオ/ビデオ 3.5インチ 内蔵HDD WD10EURX 【国内正規代理店品】,WD10EURX,200000,0
Western Digital HDD 3TB WD AV-GP TV録画 オーディオ/ビデオ 3.5インチ 内蔵HDD WD30EURX,WD30EURX,200000,0
ウエスタンデジタル(Western Digital) WD Red 内蔵 HDD ハードディスク 2TB SMR 3.5インチ SATA 5400rpm キャッシュ256MB NAS メーカー保証3年 WD20EFAX-EC 【国内正規取扱代理店】,WD20EFAX,200000,0
ウエスタンデジタル(Western Digital) WD Blue 内蔵 HDD ハードディスク 1TB SMR 2.5インチ SATA 5400rpm キャッシュ128MB ノート PC メーカー保証2年 WD10SPZX-EC 【国内正規取扱代理店】,WD10SPZX,200000,0
Western Digital ウエスタンデジタル WD Blue 内蔵 HDD ハードディスク 4TB SMR 3.5インチ SATA 5400rpm キャッシュ256MB PC メーカー保証2年 WD40EZAZ-EC 【国内正規取扱代理店】,WD40EZAZ,200000,0
Western Digital HDD 3TB WD Red NAS RAID 3.5インチ 内蔵HDD WD30EFRX,WD30EFRX,200000,0
Western Digital ウエスタンデジタル WD Blue 内蔵 HDD ハードディスク 8TB CMR 3.5インチ SATA 5640rpm キャッシュ128MB PC メーカー保証2年 WD80EAZZ-EC 【国内正規取扱代理店】,WD80EAZZ,200000,0
WD HDD 内蔵ハードディスク 2.5インチ 1TB WD Blue WD10JPVX SATA3.0 5400rpm 8MB 9.5mm 2年保証 PS4動作検証済み,WD10JPVX,200000,0
WD HDD 内蔵ハードディスク 3.5インチ 4TB WD Red WD40EFRX SATA3.0 5400rpm 64MB 3年保証,WD40EFRX,200000,0
WD HDD 内蔵ハードディスク 3.5インチ 2TB WD Red NAS用 WD20EFRX SATA3.0 5400rpm 3年保証,WD20EFRX,200000,0
WD HDD 内蔵ハードディスク 3.5インチ 3TB Green WD30EZRX-1TBP / Intellipower / SATA 6Gb/s / 2年保証,WD30EZRX,200000,0
WD 内蔵SSD 2.5インチ / 500GB / WD Blue 3D / SATA3.0 / 5年保証 / WDS500G2B0A,WDS500G2B0A,200000,0
WD 内蔵SSD 2.5インチ / 1TB / WD Blue 3D / SATA3.0 / 5年保証 / WDS100T2B0A,WDS100T2B0A,200000,0
【Amazon限定】バッファロー HD-AD4U3 4TB 外付けハードディスク,HD-AD4U3,200000,0
【Amazon.co.jp限定】バッファロー 外付けハードディスク 2TB テレビ録画/PC/PS4/4K対応 バッファロー製nasne™対応 静音&コンパクト 日本製 故障予測 みまもり合図 HD-AD2U3,HD-AD2U3,200000,0
【Amazon.co.jp限定】バッファロー 外付けハードディスク 6TB テレビ録画/PC/PS4/4K対応 バッファロー製nasne™対応 静音&コンパクト 日本製 故障予測 みまもり合図 HD-AD6U3,HD-AD6U3,200000,0
【Amazon.co.jp限定】バッファロー 外付けハードディスク 8TB テレビ録画/PC/PS4/4K対応 静音&コンパクト 日本製 故障予測 みまもり合図 HD-AD8U3,HD-AD8U3,200000,0
【Amazon.co.jp限定】バッファロー WiFi ルーター 無線 LAN Wi-Fi 7 11be デュアルバンド 2882+688Mbps エコパッケージ 【 iPhone 17 / 17e / 17 pro 動作確認済み 】 WSR3600BE4P/NBK,WSR3600BE4P,200000,0
【Amazon.co.jp限定】 バッファロー WiFi ルーター 無線LAN Wi-Fi 6 11ax / 11ac AX1500 1201+300Mbps Easy Mesh 日本メーカー 【 iPhone 15 / 14 / iPhone SE (第三世代) / Nintendo Switch / PS5 動作確認済み 】 エコパッケージ WSR-1500AX2S/NWH,WSR-1500AX2S,200000,0
【Amazon.co.jp限定】 バッファロー WiFi ルーター 無線 LAN Wi-Fi 6 11ax AX3000 2401+573Mbps 日本メーカー 【 iPhone 16e / 16 / 15 / 14 / Nintendo Switch / PS5 動作確認済み 】 スマート 引っ越し エコパッケージ ホワイト WSR-3000AX4P/NWH,WSR-3000AX4P,200000,0
バッファロー BUFFALO NAS スマホ/タブレット/PC対応 ネットワークHDD USB 4TB LS220D0402G 【データを守るRAID1対応モデル】,LS220D0402G,200000,0
バッファロー BUFFALO NAS スマホ/タブレット/PC対応 ネットワークHDD 2TB LS220D0202G 【データを守るRAID1対応モデル】,LS220D0202G,200000,0
BUFFALO USB3.1(Gen.1)対応 ポータブルHDD スタンダードモデル ブラック 1TB HD-PCG1.0U3-BBA,HD-PCG1.0U3-BBA,200000,0
BUFFALO USB3.1(Gen.1)対応 ポータブルHDD スタンダードモデル ブラック 2TB HD-PCG2.0U3-GBA,HD-PCG2.0U3-GBA,200000,0
BUFFALO USB3.1(Gen.1)対応 ポータブルHDD スタンダードモデル ホワイト 1TB HD-PCG1.0U3-BWA,HD-PCG1.0U3-BWA,200000,0
バッファロー 2TB USB3.1(Gen1)/USB3.0ポータブルHDD,HD-PCFS2.0U3-BBA,200000,0
Amazon | BUFFALO ミニステーション USB3.1(Gen1)/USB3.0用ポータブルHDD 1TB 【 iPhone 16 / 16 pro 動作確認済み 】HD-PCFS1.0U3-BBA | バッファロー | 外付ハードディスクドライブ 通販,HD-PCFS1.0U3-BBA,200000,0
【Amazon.co.jp限定】 バッファロー ルーター 無線 LAN Wi-Fi 6E 11ax 6GHz AXE5400 トライバンド 6ストリーム 2401 + 2401 + 573 Mbps 有線 2.5Gbps エコパッケージ 【 iPhone 17 / Air / 16 / 15 / Nintendo Switch 2 / PS5 動作確認済み 】 WSR-5400XE6/N,WSR-5400XE6,200000,0
バッファロー BUFFALO NAS スマホ/タブレット/PC対応 ネットワークHDD メカニカルハードデイスク 2TB LS210D0201G 【エントリーモデル】,LS210D0201G,200000,0
バッファロー BUFFALO NAS スマホ/タブレット/PC対応 ネットワークHDD 3TB LS210D0301G 【エントリーモデル】,LS210D0301G,200000,0
【Amazon.co.jp限定】 バッファロー WiFi ルーター無線LAN Wi-Fi 6 11ax / 11ac AX5400 4803+574Mbps 日本メーカー 【 iPhone 16 / 15 / 14 / 13 / Nintendo Switch / PS5 動作確認済み 】 エコパッケージ WSR-5400AX6P/NBK,WSR-5400AX6P-BK,200000,0
【Amazon.co.jp限定】 バッファロー WiFi ルーター無線LAN Wi-Fi 6 11ax / 11ac AX5400 4803+574Mbps 日本メーカー 【 iPhone 16 / 15 / 14 / 13 / Nintendo Switch / PS5 動作確認済み 】 エコパッケージ WSR-5400AX6P/NWH,WSR-5400AX6P,200000,0
【Amazon.co.jp限定】バッファロー SSD 外付け 500GB 超小型 コンパクト ポータブル iPhone 17e / 17 / 17 pro / PS5 / PS4対応(メーカー動作確認済) USB3.2Gen1 ブラック SSD-PUT500U3-B/N,SSD-PUT500U3-B,200000,0
【Amazon.co.jp限定】バッファロー SSD 外付け 1.0TB 超小型 コンパクト ポータブル iPhone 17e / 17 / 17 pro / PS5 / PS4対応(メーカー動作確認済) USB3.2Gen1 ブラック SSD-PUT1.0U3-B/N,SSD-PUT1.0U3-B,200000,0
バッファロー USB3.2(Gen.1)対応外付けHDD 2TB ブラック HD-LE2U3-BB,HD-LE2U3-BB,200000,0
バッファロー USB3.2(Gen.1)対応外付けHDD 1TB ブラック HD-LE1U3-BB,HD-LE1U3-BB,200000,0
バッファロー HD-EDS4U3-BE パソコン&テレビ録画用 外付けHDD 4TB,HD-EDS4U3-BE,200000,0
Amazon.co.jp: バッファロー ラクレコ+ iPhone スマホ DVD 再生 CD 取り込み CDレコーダー 語学 学習 プレーヤー DVDプレーヤー パソコン不要 Wi-Fiモデル 【 iOS ・ Android/iPad/Fireタブレット 対応 】 ホワイト RR-PW1-WH/N : 家電＆カメラ,RR-PW1-WH,200000,0
【Amazon.co.jp限定】 バッファロー WiFi ルーター 無線 LAN Wi-Fi 6E 11ax 6GHz AXE5400 Easy Mesh トライバンド 6ストリーム 有線 2.5Gbps エコパッケージ 【 iPhone 17 / Air / 16 / Nintendo Switch 2 / PS5 動作確認済み 】 WNR-5400XE6P/N,WNR-5400XE6P,200000,0
【Amazon.co.jp限定】 バッファロー WiFi ルーター 無線LAN 最新規格 Wi-Fi 6E 6GHz対応 AXE5400 2401+2401+573Mbps Easy Mesh トライバンド WNR-5400XE6/N,WNR-5400XE6,200000,0
【Amazon.co.jp限定】 バッファロー WiFi 無線LAN Wi-Fi 6 11ax AX6000 4803+1147Mbps 日本メーカー 【 iPhone 15 / 14 / iPhone SE (第三世代) / Nintendo Switch / PS5 動作確認済み 】 スマート 引っ越し エコパッケージ WSR-6000AX8P/NMB,WSR-6000AX8P,200000,0
【Amazon.co.jp限定】 バッファロー WiFi 無線LAN 中継機 Wi-Fi 6 11ax / 11ac 4803 + 573Mbps Easy Mesh 対応 【iPhone 15 / 14 / 13 / iPhone SE(第三世代) メーカー動作確認済み 】 エコパッケージ WEX-5400AX6/N,WEX-5400AX6,200000,0
Amazon | バッファロー nasne HDDレコーダー 2TB 地デジ / BS / CS チューナー torne ニコニコ実況 【 PS5 / PS4 / iPhone / iPad / Android / Windows 対応 】 NS-N100,NS-N100,200000,0
バッファロー BRXL-PT6U3-BKE (ブラック) USB3.2 (Gen1) 対応 ポータブルBD 再生/書込ソフト添付,BRXL-PT6U3-BKE,200000,0
Amazon.co.jp: WXR9300BE6P Wi-Fi 7対応 トライバンドルーター ハイパフォーマンスモデル,WXR9300BE6P,200000,0
バッファロー 6TB 外付けHDD HD-NRLD6.0U3-BA,HD-NRLD6.0U3-BA,200000,0
バッファロー BUFFALO USB3.1Gen1 ポータブルSSD 1TB 日本製 PS5/PS4(メーカー動作確認済) 耐衝撃・コネクター保護機構 SSD-PG1.0U3-B/NL,SSD-PG1.0U3-B,200000,0
【Amazon.co.jp限定】 バッファロー WiFi 無線LAN 中継機 Wi-Fi6 11ax / 11ac 1201+573Mbps Easy Mesh 対応 コンセント直挿し 日本メーカー【 iPhone15 / 14 / 13 / SE (第三世代) / Nintendo Switch メーカー動作確認済み】 エコパッケージ WEX-1800AX4/N,WEX-1800AX4,200000,0
Amazon.co.jp: バッファロー WSR-1800AX4S/DBK [Wi-Fi 6(11ax)対応Wi-Fiルーター 1201+573Mbps AirStation],WSR-1800AX4S,200000,0
Amazon.co.jp: バッファロー WEX-1800AX4EA Wi-Fi 6 11ax 対応中継機,WEX-1800AX4EA,200000,0
WEX-1800AX4/D [無線LAN中継機 WiFi 11ax/ac/n/a/g/b 1201+573Mbps WiFi6対応 内蔵アンテナ],WEX-1800AX4,200000,0
【Amazon.co.jp限定】 バッファロー WiFi ルーター 無線 LAN Wi-Fi 7 11be トライバンド 6ストリーム 5764 + 2882 + 688 Mbps 有線 10Gbps エコパッケージ 【 iPhone 17e / 17 / 16e / 16 / Nintendo Switch / PS5 動作確認済み 】 WXR9300BE6P/N,WXR9300BE6P,200000,0
Amazon | バッファロー WiFi ルーター無線LAN 最新規格 Wi-Fi6 11ax / 11ac AX5400 4803+574Mbps 日本メーカー 【iPhone13/12/11/iPhone SE(第二世代)/PS5 メーカー動作確認済み】WSR-5400AX6/NMB,WSR-5400AX6,200000,0
【Amazon.co.jp限定】 バッファロー WiFi ルーター 無線LAN Wi-Fi 6 11ax / 11ac AX3200 2401+800Mbps 日本メーカー 【 iPhone 14 / 13 / 12 / iPhone SE(第二世代) / PS5 メーカー動作確認済み】 エコパッケージ WSR-3200AX4S/NBK,WSR-3200AX4S,200000,0
Amazon | BUFFALO バッファロー 無線LANルーター エントリーモデル (Wi-Fi 6(11ax)対応/周波数2.4、5GHz/ブラック) WSR-1800AX4-BK | バッファロー | 無線・有線LANルーター 通販,WSR-1800AX4-BK,200000,0
BUFFALO USB3.0 外付けハードディスク PC/家電対応 2TB ブラック HD-LC2.0U3-BKD,HD-LC2.0U3-BKD,200000,0
BUFFALO レイヤー2 Giga スマートスイッチ 8ポート BS-GS2008 | バッファロー | スイッチングハブ 通販,BS-GS2008,200000,0
Amazon.co.jp: BUFFALO(バッファロー) WSR-5400AX6S-MB 無線ルーター マットブラック,WSR-5400AX6S,200000,0
BUFFALO リモコン付き TV用地デジチューナー DTV-S110,DTV-S110,200000,0
BUFFALO WiFi 無線LAN ルーター WXR-2533DHP2 11ac ac2600 1733+800Mbps デュアルバンド 日本メーカー 4LDK 3階建向け 【iPhone13/12/11/iPhoneX/iPhoneXS/Amazon Echo メーカー動作確認済み】,WXR-2533DHP2,200000,0
バッファロー WXR-6000AX12S/D [Wi-Fi 6 無線LANルーター 11ax/ac/n/a/g/b 4803+1147Mbps],WXR-6000AX12S,200000,0
